relative_path,sha256,size_bytes,problem,adaptive_rho,alpha_mode,selection,epoch,validation_mean_iterations,validation_mean_rho_updates,batch_size,n_train,n_val,n_epochs,stage_length,alpha_min,alpha_max,hidden_dim,n_layers,dtype,precision,feature_normalization
learned_osqp/checkpoints_arc/0324_control_fixed/best_model_control_fixed_nx100_dseed0_precision=low_adaptive_rho=False_alpha_mode=scalar_model_type=mlp_loss=log_convergence.pt,39ff2d909c59c78198b0c4f94942a23359496b20d53a4976589b3283c0f32bad,49017,control_fixed,False,scalar,best_iter,350,757.625,,10,160,80,1000,10,1.25,1.95,64,3,float64,low,True
learned_osqp/checkpoints_arc/0324_control_fixed/best_model_control_fixed_nx100_dseed0_precision=low_adaptive_rho=False_alpha_mode=vector_model_type=mlp_loss=log_convergence.pt,7983ca77cfddd84c7551d5899ea18b8ed309641f247ac6262bf55d4fc4973be0,52729,control_fixed,False,vector,best_iter,463,754.75,,10,160,80,1000,10,1.25,1.95,64,3,float64,low,True
learned_osqp/checkpoints_arc/0324_control_fixed/best_model_control_fixed_nx100_dseed0_precision=low_adaptive_rho=True_alpha_mode=scalar_model_type=mlp_loss=log_convergence.pt,222d0905bbe9f2f2099343aa018657e2ae55d06e3ce0e18b35a8a987b3498c26,48999,control_fixed,True,scalar,best_iter,17,126.375,,10,160,80,1000,10,1.25,1.95,64,3,float64,low,True
learned_osqp/checkpoints_arc/0324_control_fixed/best_model_control_fixed_nx100_dseed0_precision=low_adaptive_rho=True_alpha_mode=scalar_model_type=mlp_loss=log_convergence_best_rho.pt,f3109123e9bee9d0d3f1774e5f7a52c2f502916cd76015bcd88cdce662eb3d4e,49417,control_fixed,True,scalar,best_rho,32,139.625,1.1125,10,160,80,1000,10,1.25,1.95,64,3,float64,low,True
learned_osqp/checkpoints_arc/0324_control_fixed/best_model_control_fixed_nx100_dseed0_precision=low_adaptive_rho=True_alpha_mode=vector_model_type=mlp_loss=log_convergence.pt,cdbd4d1eee4c74daf9f36f60832b19c40fc01ce27a3c76be159f9f41e3273858,52711,control_fixed,True,vector,best_iter,23,134.125,,10,160,80,1000,10,1.25,1.95,64,3,float64,low,True
learned_osqp/checkpoints_arc/0324_control_fixed/best_model_control_fixed_nx100_dseed0_precision=low_adaptive_rho=True_alpha_mode=vector_model_type=mlp_loss=log_convergence_best_rho.pt,e35f9d8c0a9991e4140ba93d8cf5f20c5e1360af64ac1a26b421a5e71a986c91,53129,control_fixed,True,vector,best_rho,16,136.875,1.1125,10,160,80,1000,10,1.25,1.95,64,3,float64,low,True
learned_osqp/checkpoints_arc/0324_feat_unscaled_alpha_1.25_1.95_loss_softplus/best_model_control_precision=low_adaptive_rho=False_alpha_mode=scalar_model_type=mlp_loss=log_convergence.pt,bed50461c39030b35a7d02cce7eac28e858f5d031b13e39920a5881e75931aa5,48547,control,False,scalar,best_iter,450,616.875,,16,160,80,1000,10,1.25,1.95,64,3,float64,low,True
learned_osqp/checkpoints_arc/0324_feat_unscaled_alpha_1.25_1.95_loss_softplus/best_model_control_precision=low_adaptive_rho=False_alpha_mode=vector_model_type=mlp_loss=log_convergence.pt,b783a1d72b66813cb068615d5581d432d52ee9a798e5f56bb2e1f71cb375445a,52259,control,False,vector,best_iter,668,613.25,,16,160,80,1000,10,1.25,1.95,64,3,float64,low,True
learned_osqp/checkpoints_arc/0324_feat_unscaled_alpha_1.25_1.95_loss_softplus/best_model_control_precision=low_adaptive_rho=True_alpha_mode=scalar_model_type=mlp_loss=log_convergence.pt,8651dfbe44239c8637ad9dbb24fe33afe8a308e468ffd62fa616b3323924ff2e,48529,control,True,scalar,best_iter,21,106.625,,16,160,80,1000,10,1.25,1.95,64,3,float64,low,True
learned_osqp/checkpoints_arc/0324_feat_unscaled_alpha_1.25_1.95_loss_softplus/best_model_control_precision=low_adaptive_rho=True_alpha_mode=scalar_model_type=mlp_loss=log_convergence_best_rho.pt,0fb936cf8946a928679baa9a77d40e3fea624587995e17306bbb4d346e714b69,48755,control,True,scalar,best_rho,237,191.0,1.1,16,160,80,1000,10,1.25,1.95,64,3,float64,low,True
learned_osqp/checkpoints_arc/0324_feat_unscaled_alpha_1.25_1.95_loss_softplus/best_model_control_precision=low_adaptive_rho=True_alpha_mode=vector_model_type=mlp_loss=log_convergence.pt,35aa6080fdb2c9057e703518c20198544765d5418108e8b4b79968a138769dde,52241,control,True,vector,best_iter,21,111.625,,16,160,80,1000,10,1.25,1.95,64,3,float64,low,True
learned_osqp/checkpoints_arc/0324_feat_unscaled_alpha_1.25_1.95_loss_softplus/best_model_control_precision=low_adaptive_rho=True_alpha_mode=vector_model_type=mlp_loss=log_convergence_best_rho.pt,bfd44ea4557f5e57b917eaafd809b8646d894d177a06da834377876a85e1d434,52467,control,True,vector,best_rho,172,147.875,1.0,16,160,80,1000,10,1.25,1.95,64,3,float64,low,True
learned_osqp/checkpoints_arc/0324_feat_unscaled_alpha_1.25_1.95_loss_softplus/best_model_lasso_precision=low_adaptive_rho=False_alpha_mode=scalar_model_type=mlp_loss=log_convergence.pt,a3412ef425b363215d824812ded63d5ddacc2f206c2085d54a3819a188392f5a,48511,lasso,False,scalar,best_iter,323,149.5,,16,160,80,1000,10,1.25,1.95,64,3,float64,low,True
learned_osqp/checkpoints_arc/0324_feat_unscaled_alpha_1.25_1.95_loss_softplus/best_model_lasso_precision=low_adaptive_rho=False_alpha_mode=vector_model_type=mlp_loss=log_convergence.pt,2e0b707062245d399b725e950b7879b4338489fd500c76a6fd6da369477f6a4f,52223,lasso,False,vector,best_iter,870,145.75,,16,160,80,1000,10,1.25,1.95,64,3,float64,low,True
learned_osqp/checkpoints_arc/0324_feat_unscaled_alpha_1.25_1.95_loss_softplus/best_model_lasso_precision=low_adaptive_rho=True_alpha_mode=scalar_model_type=mlp_loss=log_convergence.pt,d3d317fea68079b6aca06422d52d127e3474a28a75f3ec8f8a110675f062010f,48493,lasso,True,scalar,best_iter,2,90.125,,16,160,80,1000,10,1.25,1.95,64,3,float64,low,True
learned_osqp/checkpoints_arc/0324_feat_unscaled_alpha_1.25_1.95_loss_softplus/best_model_lasso_precision=low_adaptive_rho=True_alpha_mode=scalar_model_type=mlp_loss=log_convergence_best_rho.pt,14a34729c4ef3d8024e29db3f83f2283a72c0cf3a17a76b9da8335e5c40f6801,48719,lasso,True,scalar,best_rho,564,150.375,0.0,16,160,80,1000,10,1.25,1.95,64,3,float64,low,True
learned_osqp/checkpoints_arc/0324_feat_unscaled_alpha_1.25_1.95_loss_softplus/best_model_lasso_precision=low_adaptive_rho=True_alpha_mode=vector_model_type=mlp_loss=log_convergence.pt,960590ffb20ad20f6170755af07cd96f431f2aa17d7a08e16019694502eec514,52205,lasso,True,vector,best_iter,1,89.875,,16,160,80,1000,10,1.25,1.95,64,3,float64,low,True
learned_osqp/checkpoints_arc/0324_feat_unscaled_alpha_1.25_1.95_loss_softplus/best_model_lasso_precision=low_adaptive_rho=True_alpha_mode=vector_model_type=mlp_loss=log_convergence_best_rho.pt,4ab2018b775272315ce97db51956bd41409d0e9ed09ffb482fb005bb339cb300,52431,lasso,True,vector,best_rho,195,149.0,0.0,16,160,80,1000,10,1.25,1.95,64,3,float64,low,True
learned_osqp/checkpoints_arc/0324_feat_unscaled_alpha_1.25_1.95_loss_softplus/best_model_portfolio_precision=low_adaptive_rho=False_alpha_mode=scalar_model_type=mlp_loss=log_convergence.pt,723ee5e8b634e80579dd11a13240ffff0db9c7450e954c99639d43eda85ec3a1,48583,portfolio,False,scalar,best_iter,835,352.125,,16,160,80,1000,10,1.25,1.95,64,3,float64,low,True
learned_osqp/checkpoints_arc/0324_feat_unscaled_alpha_1.25_1.95_loss_softplus/best_model_portfolio_precision=low_adaptive_rho=False_alpha_mode=vector_model_type=mlp_loss=log_convergence.pt,9a55f8f8506c950ca29465a9656c2d86de492382c6779f6e4040911a1d0232fa,52295,portfolio,False,vector,best_iter,566,350.375,,16,160,80,1000,10,1.25,1.95,64,3,float64,low,True
learned_osqp/checkpoints_arc/0324_feat_unscaled_alpha_1.25_1.95_loss_softplus/best_model_portfolio_precision=low_adaptive_rho=True_alpha_mode=scalar_model_type=mlp_loss=log_convergence.pt,2cae7a731d0f5cef2ed90e355dc4ff6e98866098a54dd824236e98437bd1dd40,48565,portfolio,True,scalar,best_iter,24,165.875,,10,160,80,1000,10,1.25,1.95,64,3,float64,low,True
learned_osqp/checkpoints_arc/0324_feat_unscaled_alpha_1.25_1.95_loss_softplus/best_model_portfolio_precision=low_adaptive_rho=True_alpha_mode=scalar_model_type=mlp_loss=log_convergence_best_rho.pt,60809301b18337abcf676d86482492e4965f32b35dfd56eeca445c30318b2a19,48791,portfolio,True,scalar,best_rho,670,261.375,0.9625,10,160,80,1000,10,1.25,1.95,64,3,float64,low,True
learned_osqp/checkpoints_arc/0324_feat_unscaled_alpha_1.25_1.95_loss_softplus/best_model_portfolio_precision=low_adaptive_rho=True_alpha_mode=vector_model_type=mlp_loss=log_convergence.pt,ac35de2d771c65480fb7b2c98beff6685214f471eef9fe9f4aeb59a2d59f7b21,52277,portfolio,True,vector,best_iter,72,180.875,,16,160,80,1000,10,1.25,1.95,64,3,float64,low,True
learned_osqp/checkpoints_arc/0324_feat_unscaled_alpha_1.25_1.95_loss_softplus/best_model_portfolio_precision=low_adaptive_rho=True_alpha_mode=vector_model_type=mlp_loss=log_convergence_best_rho.pt,8cc0f08c29d111386c873b6673e8d3d785a859971097f725c0015d644896e72a,52503,portfolio,True,vector,best_rho,767,299.0,0.55,16,160,80,1000,10,1.25,1.95,64,3,float64,low,True
learned_osqp/checkpoints_arc/0324_feat_unscaled_alpha_1.25_1.95_loss_softplus/best_model_random_qp_precision=low_adaptive_rho=False_alpha_mode=scalar_model_type=mlp_loss=log_convergence.pt,c7cea072af1bcff3dd4360ab940e5433e0ceb37d17db505c63b66daac0faa2c8,48583,random_qp,False,scalar,best_iter,234,500.375,,16,160,80,1000,10,1.25,1.95,64,3,float64,low,True
learned_osqp/checkpoints_arc/0324_feat_unscaled_alpha_1.25_1.95_loss_softplus/best_model_random_qp_precision=low_adaptive_rho=False_alpha_mode=vector_model_type=mlp_loss=log_convergence.pt,67d689711ae72ad76f8945da918a79491273ecea39fc20d8a3fdcbf18c8f2bf6,52295,random_qp,False,vector,best_iter,737,496.375,,16,160,80,1000,10,1.25,1.95,64,3,float64,low,True
learned_osqp/checkpoints_arc/0324_feat_unscaled_alpha_1.25_1.95_loss_softplus/best_model_random_qp_precision=low_adaptive_rho=True_alpha_mode=scalar_model_type=mlp_loss=log_convergence.pt,ab6cfb211c906ccb0d41f187f5ea3d4f8ff4ee50cd9f75b41eace7d97f3dab3f,48565,random_qp,True,scalar,best_iter,326,479.5,,16,160,80,1000,10,1.25,1.95,64,3,float64,low,True
learned_osqp/checkpoints_arc/0324_feat_unscaled_alpha_1.25_1.95_loss_softplus/best_model_random_qp_precision=low_adaptive_rho=True_alpha_mode=scalar_model_type=mlp_loss=log_convergence_best_rho.pt,d4799526bed91ae3b81f896cbdaab22fade041f230e1ac3ed14dfd8baa9ec512,48791,random_qp,True,scalar,best_rho,326,479.5,0.0875,16,160,80,1000,10,1.25,1.95,64,3,float64,low,True
learned_osqp/checkpoints_arc/0324_feat_unscaled_alpha_1.25_1.95_loss_softplus/best_model_random_qp_precision=low_adaptive_rho=True_alpha_mode=vector_model_type=mlp_loss=log_convergence.pt,a1c6fb1271027e6e43790413a6186612c3ec112573a145246704e952463c1926,52277,random_qp,True,vector,best_iter,287,492.0,,16,160,80,1000,10,1.25,1.95,64,3,float64,low,True
learned_osqp/checkpoints_arc/0324_feat_unscaled_alpha_1.25_1.95_loss_softplus/best_model_random_qp_precision=low_adaptive_rho=True_alpha_mode=vector_model_type=mlp_loss=log_convergence_best_rho.pt,fd0b84840aa3746c376de08e65ebb3fcdaad24ca1a37b2bc1aa1e91ca7c6dbb8,52503,random_qp,True,vector,best_rho,585,492.875,0.0375,16,160,80,1000,10,1.25,1.95,64,3,float64,low,True
learned_osqp/checkpoints_arc/0324_feat_unscaled_alpha_1.25_1.95_loss_softplus/best_model_svm_precision=low_adaptive_rho=False_alpha_mode=scalar_model_type=mlp_loss=log_convergence.pt,5d98d782dc5009a0e16450a473d040b42adfa4e1b764676e275b72bb040a7561,48475,svm,False,scalar,best_iter,372,470.5,,16,160,80,1000,10,1.25,1.95,64,3,float64,low,True
learned_osqp/checkpoints_arc/0324_feat_unscaled_alpha_1.25_1.95_loss_softplus/best_model_svm_precision=low_adaptive_rho=False_alpha_mode=vector_model_type=mlp_loss=log_convergence.pt,543cb3032cabfde03c5f57b4d0046ec21805390a541403876b8bd73feb6a63ac,52187,svm,False,vector,best_iter,394,463.75,,16,160,80,1000,10,1.25,1.95,64,3,float64,low,True
learned_osqp/checkpoints_arc/0324_feat_unscaled_alpha_1.25_1.95_loss_softplus/best_model_svm_precision=low_adaptive_rho=True_alpha_mode=scalar_model_type=mlp_loss=log_convergence.pt,921dec52107b5aaa84488b44cec08343d3a82abc3b47df710f6c49cb0414c4cd,48457,svm,True,scalar,best_iter,10,205.875,,16,160,80,1000,10,1.25,1.95,64,3,float64,low,True
learned_osqp/checkpoints_arc/0324_feat_unscaled_alpha_1.25_1.95_loss_softplus/best_model_svm_precision=low_adaptive_rho=True_alpha_mode=scalar_model_type=mlp_loss=log_convergence_best_rho.pt,46251ab504f4460c2d35ffd8c01ecc89cf75deb9b4180567613dfb4f7e5d3257,48683,svm,True,scalar,best_rho,636,319.875,0.925,16,160,80,1000,10,1.25,1.95,64,3,float64,low,True
learned_osqp/checkpoints_arc/0324_feat_unscaled_alpha_1.25_1.95_loss_softplus/best_model_svm_precision=low_adaptive_rho=True_alpha_mode=vector_model_type=mlp_loss=log_convergence.pt,c18e9c90af42bf5bfc2056d157d281351b41139246908c3670a254b1477e8fc5,52169,svm,True,vector,best_iter,12,207.0,,16,160,80,1000,10,1.25,1.95,64,3,float64,low,True
learned_osqp/checkpoints_arc/0324_feat_unscaled_alpha_1.25_1.95_loss_softplus/best_model_svm_precision=low_adaptive_rho=True_alpha_mode=vector_model_type=mlp_loss=log_convergence_best_rho.pt,adee8040726253184ec1fa42c3dffdcdba13463814dd19b2cad385d2b2cd4a1a,52395,svm,True,vector,best_rho,142,225.0,0.9875,16,160,80,1000,10,1.25,1.95,64,3,float64,low,True
